Top queries,Clicks,Impressions,CTR,Position
purrify,72,2079,3.46%,4.68
purrify cat litter,2,123,1.63%,4.41
purrify reviews,2,22,9.09%,4.36
arm and hammer vs fresh step cat litter,2,15,13.33%,2.53
cat litter smells like ammonia,1,193,0.52%,13.36
fresh step vs arm and hammer litter,1,33,3.03%,1.24
how to stop ammonia smell in cat litter,1,32,3.12%,7.62
charcoal vs baking soda for odors,1,28,3.57%,4.96
activated carbon cat litter,1,23,4.35%,19.04
activated charcoal vs baking soda for odors,1,17,5.88%,1.59
baking soda vs activated charcoal for odors,1,14,7.14%,3.64
purify cat,1,13,7.69%,7.62
fresh step vs arm and hammer,1,10,10%,1.9
best cat litter for small apartments,1,8,12.5%,55.5
litiere chat charbon actif,1,2,50%,10.5
apartment smells like cat litter,1,1,100%,1
odor control burnaby,0,488,0%,38.07
odor control sarnia,0,388,0%,24.47
odor control burlington,0,362,0%,38.23
odor control ontario,0,302,0%,45.41
odor neutralizers ottawa,0,251,0%,28.14
odor neutralizers montreal,0,196,0%,53.23
odor control hamilton,0,166,0%,64.08
odor treatment sarnia,0,156,0%,32.56
odor treatment burnaby,0,152,0%,58.38
odor control manitoba,0,125,0%,37.09
how to get rid of cat litter smell in apartment,0,113,0%,26.07
purrify opiniones,0,105,0%,1.1
odor treatment manitoba,0,94,0%,40.65
ammonia smell from litterbox dangerous for pregnant wonen,0,93,0%,7.54
litter traps ammonia smells effectively,0,88,0%,11.18
industrial odor eliminator burnaby,0,84,0%,68.75
best litter for apartments with no ventilation,0,70,0%,11.23
how to neutralize ammonia in cat litter,0,67,0%,28.91
are you embarassed by how the litter box smells?,0,65,0%,5.65
litter smells like ammonia,0,65,0%,8.2
is baking soda safe for cats,0,61,0%,26.56
cat litter baking soda,0,53,0%,21.79
is litter deodorizer safe for cats,0,53,0%,29.13
try purrify,0,47,0%,5.06
can you put baking soda in cat litter,0,47,0%,39.15
odor treatment burlington,0,47,0%,75.38
is it safe to put baking soda in cat litter,0,46,0%,9.76
litter deodorizer vs baking soda,0,46,0%,20.89
carbon cat litter,0,43,0%,5.44
baking soda in cat litter,0,42,0%,29.74
litter box smells like ammonia,0,36,0%,9.39
industrial odor removal manitoba,0,36,0%,71.33
how much is cat litter per month,0,34,0%,37.56
baking soda vs charcoal for odor,0,31,0%,8.03
is cat litter deodorizer safe,0,30,0%,17.67
cost of cat litter per month,0,30,0%,34.87
baking soda safe for cats,0,29,0%,12.83
is baking soda harmful to cats,0,28,0%,27.07
how much does cat litter cost per month,0,28,0%,32.86
why does cat litter smell like ammonia,0,27,0%,14.3
best odor eliminator for cats,0,27,0%,69.63
is baking soda safe for cat litter,0,26,0%,24.69
"""cat litter"" ""eco""",0,25,0%,7.48
cats litter smells like ammonia,0,25,0%,13.56
cat litter ammonia smell,0,25,0%,13.72
zeolite ammonia adsorption cat litter study,0,24,0%,7.12
kitty litter smells like ammonia,0,24,0%,20.5
how effective is fresh step at controlling odors compared to other brands?,0,23,0%,1.17
best cat litter for high-odor homes or small apartments,0,23,0%,19.83
can baking soda hurt cats,0,23,0%,25.78
baking soda for cat litter,0,23,0%,39.78
does baking soda neutralize ammonia,0,22,0%,1.59
is cat litter deodorizer safe for kittens,0,21,0%,1.19
cat odor removal waterloo,0,21,0%,15.48
ammonia from cat litter,0,21,0%,17.76
how to avoid cat smell in apartment,0,21,0%,26.57
cat supplies wholesale,0,21,0%,32.14
cat litter cost per month,0,20,0%,31.15
moisture activated cat litter,0,19,0%,41.16
zeolite cat litter ammonia adsorption study,0,18,0%,6
does baking soda hurt cats,0,18,0%,25.83
"how does the cost of fresh step compare to other cat litter brands on the 
market?",0,17,0%,1
does cat litter have ammonia in it,0,17,0%,13.53
can i put baking soda in cat litter,0,17,0%,25.71
can i add baking soda to cat litter,0,17,0%,27.59
cat litter suppliers,0,17,0%,44.59
how to make cat litter not smell,0,17,0%,78.06
baking soda in cat litter safe,0,16,0%,10.88
pet products wholesale vancouver bc,0,16,0%,31.75
ammonia and cats,0,16,0%,34.38
cat litter deodorizers,0,16,0%,45.06
odor treatment hamilton,0,16,0%,87.81
is ammonia bad for cats,0,15,0%,4
is cat litter deodorizer safe for cats,0,15,0%,4.2
does baking soda help with cat litter smell,0,15,0%,10.2
how to neutralize ammonia smell,0,15,0%,21.67
is baking soda bad for cats,0,15,0%,24.27
cat supplies distributor,0,15,0%,32.4
baking soda in litter box,0,15,0%,44.2
odor control specialist,0,15,0%,89.6
cat litter near me,0,15,0%,90.53
are litter deodorizers safe for cats,0,14,0%,1.86
how to use cat litter deodorizer,0,14,0%,6.93
baking soda vs activated charcoal,0,14,0%,20.71
is it safe to add baking soda to cat litter,0,14,0%,29.64
activated charcoal vs baking soda,0,14,0%,33.29
is it okay to put baking soda in cat litter,0,14,0%,33.86
is baking soda safe to put in cat litter,0,14,0%,34.57
cat litter with baking soda,0,14,0%,48
types of cat litter,0,14,0%,59.57
"what is the price per pound of fresh step clumping cat litter compared to 
other brands, and does it offer better value for the cost?",0,13,0%,1.54
what's the best litter for apartments with no ventilation?,0,13,0%,10.77
cat litter ammonia,0,13,0%,17.92
cat litter box smells like ammonia,0,13,0%,22.77
cat ammonia,0,13,0%,32
adding baking soda to cat litter,0,13,0%,33.23
can you add baking soda to cat litter,0,13,0%,35.08
baking powder in cat litter,0,13,0%,35.85
litter cost,0,13,0%,36.62
kitty litter wholesale,0,13,0%,44.77
cat supplies vancouver,0,13,0%,81.92
baking soda cat litter safety,0,12,0%,2.08
purrify.com,0,12,0%,4.5
"how effective is fresh step at controlling odors without compromising the 
safety of my kitten?",0,12,0%,9.92
cat odor absorber,0,12,0%,22.42
baking soda bad for cats,0,12,0%,26.08
cat box smells like ammonia,0,12,0%,29.33
purefy reviews,0,12,0%,39.08
can i put baking powder in cat litter,0,12,0%,41.67
cat litter deodorizer vs baking soda,0,11,0%,4.73
cat litter smelling like ammonia,0,11,0%,6.18
"""ammonium adsorbent"" ""cat litter""",0,11,0%,6.27
cats litter box smells like ammonia,0,11,0%,21.18
ammonia for cats,0,11,0%,31.27
deodorizing cat litter,0,11,0%,34.36
best litter additive for odor and health,0,11,0%,40.73
how to get rid of ammonia smell,0,11,0%,41.36
can i put baking soda in my cats litter,0,11,0%,41.64
litter attractant,0,11,0%,83.64
best cat litter for odor control in small apartments,0,10,0%,6.2
is scented litter bad for kittens,0,10,0%,6.3
is baking soda bad for cats to smell,0,10,0%,11.4
pet products wholesale burnaby bc,0,10,0%,23.2
why does my cats litter smell like ammonia,0,10,0%,27.8
baking soda for cat,0,10,0%,29.7
litter box baking soda,0,10,0%,38.4
how to remove cat smell from apartment,0,10,0%,46.6
best cat litter for apartments,0,10,0%,49.5
kitty litter near me,0,10,0%,91.8
can ammonia from cat litter make you sick,0,9,0%,1
"how effective is fresh step clumping cat litter at controlling odors 
compared to other brands?",0,9,0%,1
is there ammonia in cat litter,0,9,0%,1
which litter traps ammonia smells effectively?,0,9,0%,4.56
trypurrify,0,9,0%,4.89
does cat litter smell like ammonia,0,9,0%,6.89
is it are you embarassed by how the litter box smells?,0,9,0%,6.89
carbon litter,0,9,0%,7.56
best cat litter for odor control 2026,0,9,0%,8
how to neutralize ammonia smell in cat litter,0,9,0%,8.22
litter box ammonia smell,0,9,0%,13.78
my cat litter smells like ammonia,0,9,0%,18.78
baking soda cat litter,0,9,0%,19.44
ammonia cat litter,0,9,0%,19.89
is baking soda okay for cats,0,9,0%,25.22
how to get rid of ammonia smell in litter box,0,9,0%,29.56
cat supplies wholesale vancouver bc,0,9,0%,36
eliminate ammonia smell,0,9,0%,38.78
can you put baking powder in cat litter,0,9,0%,44.44
how to get rid of ammonia smell from cats,0,9,0%,56.33
cat litter supplier,0,9,0%,93.78
"i am a new cat owner who is seeking educational content on how to best take 
care of my new pet, whether it's via adoption centers or another venue. how 
effective is fresh step at controlling odors compared to other brands?",0,8,0%,1
why does the cat litter smell like ammonia,0,8,0%,5.25
cat litter free trial,0,8,0%,5.38
activated carbon cat litter benefits,0,8,0%,5.88
ammonia smell from cat litter dangerous,0,8,0%,7.62
activated carbon for cat litter,0,8,0%,9.5
best cat litter types and recommendations,0,8,0%,10.38
is baking soda safe in cat litter,0,8,0%,12.88
ammonia in cat litter,0,8,0%,13.25
why does my cat litter smell like ammonia,0,8,0%,17.12
cat safe odor eliminator,0,8,0%,24
baking soda harmful to cats,0,8,0%,28.12
cat supplies distributor vancouver bc,0,8,0%,33.12
best cat odor eliminators and absorbers,0,8,0%,38.38
why does my cat use the litter box right after i clean it,0,8,0%,40.12
cat litter types,0,8,0%,50.75
tofu cat litter near me,0,8,0%,59.62
litter additive,0,8,0%,65.62
litter additive for cats,0,8,0%,67.38
odor removal edmonton,0,8,0%,77.12
activated charcoal for refrigerator odor,0,7,0%,1
baking soda or charcoal for odor,0,7,0%,1
litter box smells strongly of ammonia,0,7,0%,1
is ammonia safe for cats,0,7,0%,1.71
purrifi,0,7,0%,6
litter box deodorizer safe for cats,0,7,0%,6.14
are cat litter deodorizers safe,0,7,0%,8.71
ammonia smell cat litter,0,7,0%,9.86
ammonia smell from cat litter,0,7,0%,10.43
purify reviews,0,7,0%,11.71
ammonia cat,0,7,0%,17.57
is ammonia toxic to cats,0,7,0%,18.29
baking soda cats,0,7,0%,24.14
ammonia smell in cat litter,0,7,0%,26.86
pet supplies distributor vancouver bc,0,7,0%,32.57
cat litter for small apartment,0,7,0%,33.14
猫咪美容师,0,7,0%,46.14
litter odor control,0,7,0%,50
can you put baking soda in kitty litter,0,7,0%,50.57
best cat litter for ammonia smell,0,7,0%,57.43
how to keep cat litter from smelling,0,7,0%,59.86
what is cat litter,0,7,0%,60.43
litter box odor,0,7,0%,61
nose friendly cat litter,0,7,0%,65.71
does baking soda deodorize cat litter,0,6,0%,1
"i am a busy pet owner who look for litter that offers convenience and saves 
me time and effort. how does the cost of fresh step compare to other cat 
litter brands on the market?",0,6,0%,1
can you get ammonia poisoning from cat litter,0,6,0%,3.5
purryfy,0,6,0%,5.33
is baking soda in cat litter safe,0,6,0%,8.5
ammonia poisoning from cat litter,0,6,0%,16
can cats have baking soda,0,6,0%,20.5
baking soda and cats,0,6,0%,20.67
ammonia cats,0,6,0%,21.33
ammonia smell in cat litter box,0,6,0%,23.83
eliminating cat litter odor,0,6,0%,24
best cat litter deodorizers,0,6,0%,27.5
baking soda safe cats,0,6,0%,30.5
why does my cat's litter box smell like ammonia,0,6,0%,31.33
does baking soda help cat litter smell,0,6,0%,31.67
can i put baking soda in cat litter?,0,6,0%,33.17
cat deodorizer,0,6,0%,37.5
can u put baking soda in cat litter,0,6,0%,38.33
cat urine ammonia,0,6,0%,42.33
can i put baking soda in litter box,0,6,0%,42.83
cat litter smell,0,6,0%,50.33
can ammonia from cat pee kill you,0,6,0%,56.17
pet odor removal brantford,0,6,0%,58.83
litter box odor control,0,6,0%,59.17
removing ammonia smell,0,6,0%,64.17
how to remove ammonia smell,0,6,0%,64.5
made in canada litter,0,6,0%,85
cat litter additive for odor and health detection,0,6,0%,85.83
litter for stinky litter box,0,6,0%,86
cat supplies,0,6,0%,100.67
how to keep litter box from smelling like ammonia,0,5,0%,1
"i am a new cat owner who is seeking educational content on how to best take 
care of my new pet, whether it's via adoption centers or another venue. how 
does the cost of fresh step compare to other cat litter brands on the 
market?",0,5,0%,1
"i am a new cat owner who is seeking educational content on how to best take 
care of my new pet, whether it's via adoption centers or another venue. how 
effective is fresh step clumping cat litter at controlling odors compared 
to other brands?",0,5,0%,1
"i want dependable performance at a fair price, and i prioritize getting 
strong results without overspending. how effective is fresh step at 
controlling odors compared to other brands?",0,5,0%,1
is baking soda good for cats,0,5,0%,1
is cat litter with baking soda safe,0,5,0%,3.8
activated charcoal,0,5,0%,4
"how effective is fresh step's non-clumping cat litter at controlling odors 
compared to other brands?",0,5,0%,5
cat litter smells like chemicals,0,5,0%,7.2
litterguard purifier,0,5,0%,7.2
purrify advertorial,0,5,0%,8
wholesale cat litter,0,5,0%,9.2
purrify cat fountain,0,5,0%,9.4
ammonia in cats,0,5,0%,9.6
baking soda or activated charcoal,0,5,0%,11.2
scented cat litters control odor without strong fragrance,0,5,0%,12.2
cats ammonia,0,5,0%,13
activated carbon litter,0,5,0%,18.2
how to reduce cat litter smell in small room,0,5,0%,19.4
neutralize ammonia smell litter box,0,5,0%,20.2
why does my cat litter box smell like ammonia,0,5,0%,23
cat litter odor control,0,5,0%,45.4
cat litter fragrance,0,5,0%,52
litter box smell,0,5,0%,52.2
best natural cat litter for odor control,0,5,0%,54
how to reduce ammonia smell in cat urine,0,5,0%,54.4
baking soda litter,0,5,0%,55.2
activated charcoal for cat litter,0,5,0%,57.8
working principle of air purifier for cat litter smell,0,5,0%,59.4
working principle of plasma air purifier for cat litter smell,0,5,0%,62.6
benefits of air purifier for cat litter smell,0,5,0%,66.6
how to get rid of cat ammonia smell,0,5,0%,68.6
how to make cat box not smell,0,5,0%,70.8
pet odour removal calgary,0,5,0%,74.8
litter for odor control and cat health,0,5,0%,76.8
"i am a millennial or gen z cat owner who values innovative, premium litter 
that makes cat care easier to fit with my busy life. how effective is fresh 
step at controlling odors compared to other brands?",0,4,0%,1
"i am a millennial or gen z cat owner who values innovative, premium litter 
that makes cat care easier to fit with my busy life. how effective is fresh 
step clumping cat litter at controlling odors compared to other brands?",0,4,0%,1
"i want dependable performance at a fair price, and i prioritize getting 
strong results without overspending. how effective is fresh step clumping 
cat litter at controlling odors compared to other brands?",0,4,0%,1
is litter deodorizer safe for kittens,0,4,0%,1
my cats litter smells like ammonia,0,4,0%,1.5
貓砂 活性碳,0,4,0%,2.5
yes,0,4,0%,3.5
is ammonia harmful to cats,0,4,0%,5.25
does baking soda help litter box smell,0,4,0%,5.5
carbon litter cat,0,4,0%,6
"""eco cat litter""",0,4,0%,7.5
activated carbon,0,4,0%,7.5
why does the litter box smell even after cleaning,0,4,0%,7.5
best odor control cat litter 2026,0,4,0%,9.75
cat litter type comparison,0,4,0%,11
litter box stinks even after cleaning,0,4,0%,14.5
do cats like baking soda,0,4,0%,19.5
litter deodorizer,0,4,0%,20
remove cat litter odor,0,4,0%,22.5
cat litter odor absorber,0,4,0%,24.75
can baking soda be added to cat litter,0,4,0%,25.25
why does litter box smell like ammonia,0,4,0%,26
what neutralizes ammonia,0,4,0%,29.25
is baking soda dangerous for cats,0,4,0%,30.25
異味過濾器,0,4,0%,32
best cat litter for small apartment,0,4,0%,35
cat shop vancouver,0,4,0%,37.25
do cats hate the smell of ammonia,0,4,0%,38
baking soda in kitty litter,0,4,0%,39.25
cat litter smells of ammonia,0,4,0%,39.75
neutralise ammonia smell,0,4,0%,40.25
do cats like the smell of ammonia,0,4,0%,43.25
my cats litter box smells like ammonia,0,4,0%,44.75
plasma air purifier for cat litter smell working principle,0,4,0%,46.75
what neutralizes ammonia odor,0,4,0%,47.25
how to deodorize cat litter,0,4,0%,47.5
ammonia cat pee,0,4,0%,48
cat urine and ammonia,0,4,0%,48
orico pet supply,0,4,0%,49
charcoal cat litter,0,4,0%,52.25
cat box smell,0,4,0%,59.25
neutralize ammonia smell from cat urine,0,4,0%,60.25
activated carbon odor control,0,4,0%,64.25
how to get rid of the ammonia smell from cats,0,4,0%,66
how do you get rid of ammonia smell,0,4,0%,77
how many pounds of cat litter per month for one cat,0,4,0%,87.75
best cat litter for humidity,0,4,0%,97
activated charcoal or baking soda,0,3,0%,1
ammonia from cats,0,3,0%,1
baking soda or powder for cat litter,0,3,0%,1
best activated charcoal odor eliminator,0,3,0%,1
best kitten litter for odor control,0,3,0%,1
breathing in cat litter fumes,0,3,0%,1
cat litter additive for smell,0,3,0%,1
charbon actif chat,0,3,0%,1
cost of litter,0,3,0%,1
how much is cat food and litter per month,0,3,0%,1
"i am a busy pet owner who look for litter that offers convenience and saves 
me time and effort. how effective is fresh step at controlling odors 
compared to other brands?",0,3,0%,1
"i am a busy pet owner who look for litter that offers convenience and saves 
me time and effort. how effective is fresh step clumping cat litter at 
controlling odors compared to other brands?",0,3,0%,1
why does the litter box smell like ammonia,0,3,0%,1
what works as well as arm and hammer for air freshening?,0,3,0%,2
activated charcoal odor absorber,0,3,0%,3
purifyc,0,3,0%,3
cat litter calculator,0,3,0%,5.67
odor control solutions when you live in a studio with pets,0,3,0%,6
cat litter reseller,0,3,0%,7
zeolite cat litter deodorizer,0,3,0%,8.67
"which cat litter is recommended for effectively managing ammonia and odor 
in a multi-cat home with health concerns?",0,3,0%,9
odourtion.com reviews,0,3,0%,10.33
which cat litter keeps a small apartment from smelling?,0,3,0%,10.33
best odor control cat litter for apartments no ventilation,0,3,0%,11
cat litter additive,0,3,0%,12.67
litter box additive,0,3,0%,12.67
ammonia smell litter box,0,3,0%,14
why does my litter box smell like ammonia,0,3,0%,16
ammonia smell in litter box,0,3,0%,17
my litter box smells like ammonia,0,3,0%,18
arm and hammer cat litter deodorizer vs baking soda,0,3,0%,20.67
cat litter deodorizer,0,3,0%,21.67
what neutralizes ammonia smell,0,3,0%,22
baking soda and activated charcoal,0,3,0%,23
baking soda cat,0,3,0%,24.33
cat litter for small apartment odor control,0,3,0%,24.33
is baking soda good for cat litter,0,3,0%,25.33
how to eliminate ammonia odor,0,3,0%,26
cat litter guide,0,3,0%,28
baking soda in litter,0,3,0%,28.33
odor control cat litter small apartment,0,3,0%,30.67
best litter for ammonia smell,0,3,0%,32.33
baking soda for odor absorption,0,3,0%,35.33
apartment odor elimination,0,3,0%,36
neutralize ammonia smell,0,3,0%,37.33
where to buy pretty litter near me,0,3,0%,37.33
oak and clay trail british columbia canada,0,3,0%,37.67
can you use baking soda in cat litter,0,3,0%,39.33
pet supplies wholesale vancouver bc,0,3,0%,39.67
baking soda kitty litter,0,3,0%,40.33
cat litter ammonia blocker,0,3,0%,40.67
baking powder for cat litter,0,3,0%,41
baking soda or baking powder for cat litter,0,3,0%,42
baking soda for litter box odor,0,3,0%,42.33
dog supplies distributor vancouver bc,0,3,0%,42.33
different types of cat litter,0,3,0%,43
cats and ammonia,0,3,0%,44
dog supplies wholesale vancouver bc,0,3,0%,44
strong ammonia smell in cat urine,0,3,0%,44
principle of plasma air purifier for cat litter smell,0,3,0%,44.33
ammonia cat repellent,0,3,0%,46.67
cat pee ammonia,0,3,0%,47.33
cat litter deodorizer baking soda,0,3,0%,47.67
kitty litter smell,0,3,0%,48
kitty litter types,0,3,0%,48
how to eliminate ammonia smell,0,3,0%,48.67
cat box odor,0,3,0%,50
can you put baking soda in a litter box,0,3,0%,53.33
does ammonia get rid of cats,0,3,0%,55.67
how to get rid of cat scent,0,3,0%,55.67
fresh 4 life,0,3,0%,56.33
baking soda for litter box,0,3,0%,57
cat litter odor,0,3,0%,57
non-toxic odour removal edmonton,0,3,0%,58
how can i make my cat smell better,0,3,0%,58.33
what is litter for cats,0,3,0%,58.33
harmony pet supplies,0,3,0%,61.33
do cats stink up the house,0,3,0%,61.67
cat ammonia smell,0,3,0%,63
odor remediation edmonton,0,3,0%,64
cat bnf,0,3,0%,64.67
deodorization services edmonton,0,3,0%,65.33
how do you neutralize ammonia,0,3,0%,66.67
how does plasma air purifier for cat litter smell work,0,3,0%,69
good cat litter for smell,0,3,0%,72
how to get rid of ammonia smell from cat urine,0,3,0%,72
how do i make my cat smell better,0,3,0%,75.33
what odor do cats hate,0,3,0%,78.33
how to make cat smell good,0,3,0%,79.33
cat supplies canada,0,3,0%,80.33
how to get rid of cat smell in the air,0,3,0%,85.33
pet supplies wholesale,0,3,0%,86.33
wholesale pet supplier,0,3,0%,88
cat pet store,0,3,0%,94.33
odor treatment ontario,0,3,0%,96
activated charcoal deodorizer,0,2,0%,1
best charcoal odor absorber,0,2,0%,1
best charcoal shoe deodorizer,0,2,0%,1
can cat ammonia make you sick,0,2,0%,1
cat ammonia poisoning in humans,0,2,0%,1
cat amonia,0,2,0%,1
charcoal or baking soda for odor,0,2,0%,1
does baking soda help with litter box odor,0,2,0%,1
"i am a new cat owner who is seeking educational content on how to best take 
care of my new pet, whether it's via adoption centers or another venue. how 
does fresh step compare to other brands in terms of vet recommendations?",0,2,0%,1
"i am a new cat owner who is seeking educational content on how to best take 
care of my new pet, whether it's via adoption centers or another venue. 
what is the price per pound of fresh step clumping cat litter compared to 
other brands, and does it offer better value for the cost?",0,2,0%,1
"i prioritize my cat's health and wellness, and prefer clean, gentle, and 
family-friendly formulations. how effective is fresh step at controlling 
odors compared to other brands?",0,2,0%,1
"i prioritize my cat's health and wellness, and prefer clean, gentle, and 
family-friendly formulations. how effective is fresh step clumping cat 
litter at controlling odors compared to other brands?",0,2,0%,1
is cat deodorizer safe,0,2,0%,1
is it safe to put baking soda in litter box,0,2,0%,1
is scented cat litter safe for kittens,0,2,0%,1
katzenklo geruch wohnung,0,2,0%,1
kitten litter box cleaners and deodorizers,0,2,0%,1
litter deodorizer safe for cats,0,2,0%,1
purrify cat fountain review,0,2,0%,1
baking soda for cats,0,2,0%,3
evaluate the cat litter company arm & hammer on odor control,0,2,0%,3.5
is purrify legit,0,2,0%,3.5
purify cat litter box,0,2,0%,3.5
active carbon cat litter,0,2,0%,4
purrify.,0,2,0%,5
cat litter carbon filter,0,2,0%,5.5
"what's the most affordable large-bag clumping cat litter that works well 
for multiple cats?",0,2,0%,5.5
best cat litter for ammonia control,0,2,0%,6
is activated carbon safe for cats,0,2,0%,6
is cat pee ammonia bad for you,0,2,0%,6
purly cat litter,0,2,0%,6
how much does litter cost,0,2,0%,6.5
is ammonia from cat urine bad for you,0,2,0%,6.5
why does my cats litter box smell like ammonia,0,2,0%,6.5
unscented cat litter deodorizer,0,2,0%,7
do the best cat litters control amonia odors?,0,2,0%,7.5
litter calculator,0,2,0%,8
"are there any fragrances in fresh step that might irritate a sensitive 
cat's nose?",0,2,0%,8.5
best cat litter deodorizer,0,2,0%,9
best litter for apartments no ventilation,0,2,0%,9.5
charbon litiere chat,0,2,0%,10
is cat ammonia dangerous,0,2,0%,10
cat litter ammonia poisoning,0,2,0%,10.5
cat litter wholesale suppliers,0,2,0%,10.5
purrify cat fountain reviews,0,2,0%,10.5
cat litter wholesaler,0,2,0%,11
filter manufacturer,0,2,0%,11
cat litter with carbon,0,2,0%,11.5
does cat litter contain ammonia,0,2,0%,11.5
monthly cat litter cost,0,2,0%,11.5
litiere au charbon actif,0,2,0%,12
compare cat litter types,0,2,0%,12.5
how to neutralize ammonia,0,2,0%,12.5
supplier cat litter,0,2,0%,13
cat litter freshener,0,2,0%,14
is baking soda in litter safe for cats,0,2,0%,16
cat litters that control ammonia odor,0,2,0%,17
litter box still smells after cleaning,0,2,0%,17.5
cat litter box strong ammonia smell,0,2,0%,18
cat smell in apartment,0,2,0%,19
cat litter types comparison,0,2,0%,21
cost of cat litter,0,2,0%,21
baking soda and cat litter,0,2,0%,22.5
best cat litter for odor,0,2,0%,24.5
is baking soda toxic to cats,0,2,0%,25
can you put baking soda in cat litter for smell,0,2,0%,27.5
does adding baking soda to cat litter help,0,2,0%,27.5
how to get rid of cat smell in apartment,0,2,0%,27.5
litter box smells even after cleaning,0,2,0%,28
best odor control cat litter for multiple cats,0,2,0%,28.5
cat litter delivered to your door,0,2,0%,29
litter deodorizers,0,2,0%,30.5
why does my cats pee smell like ammonia all of a sudden,0,2,0%,31.5
how to get rid of ammonia smell from litter box,0,2,0%,32
wholesale cat,0,2,0%,32
bulk cat litter canada,0,2,0%,32.5
is it ok to put baking soda in cat litter,0,2,0%,35
best litter for small spaces,0,2,0%,35.5
baking soda litter box,0,2,0%,37.5
can i use baking soda in my cats litter box,0,2,0%,38.5
best cat litter for odor control canada,0,2,0%,39.5
活性炭吸味,0,2,0%,40
ammonia and cat urine,0,2,0%,42
best cat litter for apartment,0,2,0%,43.5
how do you neutralize ammonia smell,0,2,0%,44
ammonia and cat pee,0,2,0%,45.5
coconut cat litter,0,2,0%,45.5
activated charcoal for cat odor,0,2,0%,47.5
cats ammonia smell,0,2,0%,48
litter smell,0,2,0%,53.5
ammonia to keep cats away,0,2,0%,54.5
cat molecule,0,2,0%,54.5
ammonia cat urine,0,2,0%,55
how to get rid of litter box odor,0,2,0%,57
neutralizing ammonia odor,0,2,0%,59
ammonia cat pee smell,0,2,0%,59.5
cat litter filter,0,2,0%,61
activated charcoal odor absorber diy,0,2,0%,61.5
cat odor,0,2,0%,61.5
odor control litter additive for healthy cats,0,2,0%,61.5
benefits of plasma air purifier for cat litter smell,0,2,0%,64
does cat pee have ammonia,0,2,0%,64
baking soda or powder for odor,0,2,0%,64.5
how to make cat litter smell better,0,2,0%,64.5
types of kitty litter,0,2,0%,64.5
odor-fighting litter for health and safety,0,2,0%,65.5
how to make litter box not smell,0,2,0%,66.5
cateco litter box,0,2,0%,67.5
how to get rid of litter box smell,0,2,0%,68
litter additive for healthy cats,0,2,0%,69.5
sprinkle-on litter health and odor additive,0,2,0%,69.5
cat litter,0,2,0%,70
how to reduce kitty litter smell,0,2,0%,70
best way to eliminate cat odor,0,2,0%,72.5
litter box smells after poop,0,2,0%,72.5
best multi cat litter for odor control,0,2,0%,74
mercaptan odor removal,0,2,0%,74.5
how to remove cat odor from house,0,2,0%,76.5
pet store for cats,0,2,0%,77.5
cat pee smells like ammonia,0,2,0%,78
best cat litter additive for poop odor,0,2,0%,79
how to make your cat smell better,0,2,0%,81
why does my kitty smell,0,2,0%,81.5
does baking soda absorb cat urine smell,0,2,0%,83
types cat litter,0,2,0%,84
odor control litter with health benefits,0,2,0%,85.5
is there ammonia in cat urine,0,2,0%,87.5
odor-absorbent litter,0,2,0%,88.5
wholesale pet supplies,0,2,0%,88.5
advantages of plasma air purifiers for cat litter odor,0,2,0%,90.5
cat urine odour removal edmonton,0,2,0%,93.5
odor removal calgary,0,2,0%,94.5
wholesale pets,0,2,0%,94.5
ammonia odor remover,0,2,0%,95.5
pet store cat,0,2,0%,96.5
natura cat litter,0,2,0%,97.5
absorbeur d odeur litiere chat,0,1,0%,1
activated charcoal for smells,0,1,0%,1
ammonia odor absorber,0,1,0%,1
arm and hammer cat litter vs fresh step,0,1,0%,1
best cat litter for multiple cats odor,0,1,0%,1
best plant-based cat litter deodorizers,0,1,0%,1
breathing in ammonia from cat urine,0,1,0%,1
can i add baking soda,0,1,0%,1
carbon deodorizer,0,1,0%,1
carbon filter cat litter,0,1,0%,1
cat litter carbon,0,1,0%,1
cat litter deodorizer how to use,0,1,0%,1
cat litter smells even after cleaning,0,1,0%,1
charbon actif pour chat,0,1,0%,1
charcoal and baking soda deodorizer,0,1,0%,1
difference between multi cat litter and regular,0,1,0%,1
how many kg of cat litter per month,0,1,0%,1
how to get rid of cat litter smell in house,0,1,0%,1
"i am a busy pet owner who look for litter that offers convenience and saves 
me time and effort. what is the price per pound of fresh step clumping cat 
litter compared to other brands, and does it offer better value for the 
cost?",0,1,0%,1
"i am a millennial or gen z cat owner who values innovative, premium litter 
that makes cat care easier to fit with my busy life. how does fresh step 
compare to other brands in terms of supporting senior cat mobility and 
comfort?",0,1,0%,1
"i am a millennial or gen z cat owner who values innovative, premium litter 
that makes cat care easier to fit with my busy life. how does fresh step's 
clumping strength compare to other brands?",0,1,0%,1
"i am a millennial or gen z cat owner who values innovative, premium litter 
that makes cat care easier to fit with my busy life. how does the scent of 
fresh step's non-clumping cat litter compare to other brands in terms of 
freshness and longevity?",0,1,0%,1
"i am a new cat owner who is seeking educational content on how to best take 
care of my new pet, whether it's via adoption centers or another venue. how 
does the longevity of fresh step litter compare to other brands?",0,1,0%,1
"i have two or more cats, so i need powerful performance, fast clumping, and 
convenient handling to manage frequent use. how does fresh step compare to 
other brands in terms of vet recommendations?",0,1,0%,1
"i have two or more cats, so i need powerful performance, fast clumping, and 
convenient handling to manage frequent use. how does fresh step's clumping 
strength compare to other brands?",0,1,0%,1
"i have two or more cats, so i need powerful performance, fast clumping, and 
convenient handling to manage frequent use. what is the price per pound of 
fresh step clumping cat litter compared to other brands, and does it offer 
better value for the cost?",0,1,0%,1
"i prioritize my cat's health and wellness, and prefer clean, gentle, and 
family-friendly formulations. what is the price per pound of fresh step 
clumping cat litter compared to other brands, and does it offer better 
value for the cost?",0,1,0%,1
"i want dependable performance at a fair price, and i prioritize getting 
strong results without overspending. how does fresh step compare to other 
brands in terms of dust levels for sensitive cats?",0,1,0%,1
"i want dependable performance at a fair price, and i prioritize getting 
strong results without overspending. how does fresh step compare to other 
brands in terms of vet recommendations?",0,1,0%,1
"i want dependable performance at a fair price, and i prioritize getting 
strong results without overspending. what is the price per pound of fresh 
step clumping cat litter compared to other brands, and does it offer better 
value for the cost?",0,1,0%,1
is activated charcoal litter safe for cats,0,1,0%,1
is arm and hammer litter deodorizer safe for kittens,0,1,0%,1
is baking soda cat litter safe,0,1,0%,1
is it harmful for humans,0,1,0%,1
is it safe to sprinkle baking soda in litter box,0,1,0%,1
neutralize ammonia,0,1,0%,1
purefy,0,1,0%,1
pyrify,0,1,0%,1
sent bon pour litiere chat,0,1,0%,1
yes please,0,1,0%,1
zeolite vs activated charcoal odor,0,1,0%,1
arm and hammer cat litter comparison,0,1,0%,2
baking soda and charcoal for teeth,0,1,0%,2
bentonita,0,1,0%,2
charcoal fridge deodorizer,0,1,0%,2
fresh step vs arm and hammer cat litter comparison,0,1,0%,2
how long does activated charcoal take to work,0,1,0%,2
how much baking soda for a detox bath,0,1,0%,2
how to stop my cat’s litter box from smelling up the room?,0,1,0%,2
natural flea killer for cats,0,1,0%,2
table,0,1,0%,2
toilette pour chat,0,1,0%,2
what's the most effective room odor eliminator for small spaces?,0,1,0%,2
where to buy activated charcoal odor absorber,0,1,0%,2
which is better,0,1,0%,2
why does my cats pee smell like ammonia,0,1,0%,2
activated charcoal for odors,0,1,0%,3
baking soda and activated charcoal teeth whitening,0,1,0%,3
baking soda and charcoal,0,1,0%,3
baking soda cats toxic,0,1,0%,3
can you give me an answer,0,1,0%,3
charcoal powder benefits,0,1,0%,3
does baking soda go bad,0,1,0%,3
how effective is this,0,1,0%,3
how to remove odor from underwear,0,1,0%,3
i live in a studio apartment,0,1,0%,3
is it bad for you,0,1,0%,3
parrify,0,1,0%,3
what are its reviews?,0,1,0%,3
what should i look for in a lightly scented cat litter?,0,1,0%,3
which is best,0,1,0%,3
why is my cat smelly,0,1,0%,3
cat litter distributors wholesalers retailers,0,1,0%,4
charcoal odor eliminator,0,1,0%,4
evaluate the cat litter company fresh step on odor control,0,1,0%,4
my apart,0,1,0%,4
ne,0,1,0%,4
purrify fountain,0,1,0%,4
best value cat litter for odor control that's also budget-friendly?,0,1,0%,5
cat urine dangerous,0,1,0%,5
purely,0,1,0%,5
which is the most effective,0,1,0%,5
activated charcoal vs baking soda odor removal,0,1,0%,6
baking soda smells like ammonia,0,1,0%,6
best one,0,1,0%,6
cat litter odor control methods,0,1,0%,6
charbon pour litière chat,0,1,0%,6
filtre charbon pour litière chat,0,1,0%,6
most odor absorbing cat litter,0,1,0%,6
types of cat litter pros and cons,0,1,0%,6
average cost of cat litter per month,0,1,0%,7
best cat litter for multiple cats 2025 or 2026,0,1,0%,7
cat litter box types comparison,0,1,0%,7
cat litter deodorizer safe for cats,0,1,0%,7
evaluate the cat litter company arm & hammer on low dust / health,0,1,0%,7
how does sodium bicarbonate improve air quality in a home?,0,1,0%,7
activated carbon (ac),0,1,0%,8
cat smells like ammonia,0,1,0%,8
charbon actif litière chat,0,1,0%,8
charcoal cat litter deodorizer,0,1,0%,8
does cat pee smell stronger when in heat,0,1,0%,8
désodorisant chat,0,1,0%,8
filtre pour litière chat,0,1,0%,8
litter smell in house,0,1,0%,8
porify reviews,0,1,0%,8
unscented litter deodorizer,0,1,0%,8
best cat litter types comparison,0,1,0%,9
cat litter activated carbon,0,1,0%,9
litter additive for smell,0,1,0%,9
litter box smells after cleaning,0,1,0%,9
purrify trustpilot,0,1,0%,9
automatic litter box odor control,0,1,0%,10
best cat litter types recommendations,0,1,0%,10
best rated cat litter for multiple cats,0,1,0%,10
long term exposure to ammonia from cat urine,0,1,0%,10
meilleure litière chat appartement,0,1,0%,10
quelle litière pour chat appartement,0,1,0%,10
what kills ammonia smell,0,1,0%,10
which one works best,0,1,0%,10
whole sale cat litter,0,1,0%,10
#purify,0,1,0%,11
"are there any aesthetically pleasing, odor-neutralizing cat litters 
suitable for a multi-cat home?",0,1,0%,11
baking soda vs activated charcoal odor removal,0,1,0%,11
cat litter types guide,0,1,0%,11
cat litter wholesale near me,0,1,0%,11
get rid of ammonia smell from cat litter box,0,1,0%,11
how to deodorize litter box,0,1,0%,11
is baking soda litter safe for cats,0,1,0%,11
is baking soda safe to use in cat litter,0,1,0%,11
natural cat litter deodorizer,0,1,0%,11
best cat litter types guide,0,1,0%,12
best performing cat litter,0,1,0%,12
chico cat litter,0,1,0%,12
choosing effective cat litter for odor control,0,1,0%,12
"fresh step cat litter recommended by veterinarians odor control 
effectiveness",0,1,0%,12
fresh step clumping cat litter veterinarian recommended effectiveness safety,0,1,0%,12
is it safe to use baking soda in cat litter,0,1,0%,12
baking soda,0,1,0%,13
bulk kitty litter near me,0,1,0%,13
cat litter cost,0,1,0%,13
creamy pour chat,0,1,0%,13
purriq silvervine,0,1,0%,13
sure,0,1,0%,13
activated carbon filters,0,1,0%,14
best cat deodorizer,0,1,0%,14
best litter for small studio,0,1,0%,14
cat litter costs,0,1,0%,14
cat litter best type,0,1,0%,15
gravity cat feeders,0,1,0%,15
how much cat litter does a cat use per month,0,1,0%,15
odor eliminator for cat litter,0,1,0%,15
best room odor eliminator for small spaces,0,1,0%,16
describe the picture,0,1,0%,16
different litter,0,1,0%,17
how to neutralise ammonia smell,0,1,0%,17
best cat litters for multiple cat households,0,1,0%,18
cat litter kinds,0,1,0%,18
does baking soda make cat litter smell better,0,1,0%,19
litiere charbon,0,1,0%,19
soda litter,0,1,0%,19
baking soda pet odor absorption limitations chemistry,0,1,0%,20
bulk cat litter near me,0,1,0%,20
eliminate ammonia odor,0,1,0%,20
filtre litiere chat,0,1,0%,20
how to keep apartment from smelling like cat,0,1,0%,20
litter odor,0,1,0%,20
best air freshener for cats,0,1,0%,21
baking soda toxic to cats,0,1,0%,22
how much baking soda to add to cat litter,0,1,0%,22
is baking soda cat safe,0,1,0%,22
is charcoal litter safe for cats,0,1,0%,22
30 day cat litter,0,1,0%,23
ammonia from cat urine,0,1,0%,23
can i put baking soda in my cat litter,0,1,0%,24
charcoal litter,0,1,0%,24
is cat litter dangerous,0,1,0%,24
get rid of cat smell in apartment,0,1,0%,25
purify filters,0,1,0%,25
what is the best type of cat litter,0,1,0%,25
best cat litter odor eliminator,0,1,0%,26
litter robot smells like ammonia,0,1,0%,26
baking powder cat litter,0,1,0%,27
cat litter and baking soda,0,1,0%,27
eliminating cat odor,0,1,0%,27
odour beater carbon cat litter,0,1,0%,27
calgary litter control,0,1,0%,28
natural deodorizer for cat litter,0,1,0%,28
neutralizing ammonia smell,0,1,0%,28
petshy cat litter,0,1,0%,28
soda for cats,0,1,0%,28
cats and baking soda,0,1,0%,29
is baking soda harmful for cats,0,1,0%,29
kitty litter odor,0,1,0%,29
"pitou minou & compagnons kirkland, shopping & retail, kirkland",0,1,0%,29
top rated multi-cat cat litter deodorizers,0,1,0%,29
baking soda on cat litter,0,1,0%,31
best cat litter for high odor small apartments,0,1,0%,31
cat deodoriser,0,1,0%,31
litter baking soda,0,1,0%,31
can i mix baking soda with cat litter,0,1,0%,32
how much cat litter per month kg,0,1,0%,32
ammonia in cat pee,0,1,0%,33
can i put baking soda on my cat,0,1,0%,33
can you add baking soda to kitty litter,0,1,0%,33
purri,0,1,0%,33
natural cat care blog,0,1,0%,34
add baking soda to cat litter,0,1,0%,35
can i put baking soda in my cats litter box,0,1,0%,35
can i use baking soda for cat litter,0,1,0%,35
cat products wholesale,0,1,0%,35
james cat litter,0,1,0%,35
animalerie wellington,0,1,0%,36
how to get rid of cat odor in room,0,1,0%,36
odeur litière chat appartement,0,1,0%,36
baking soda in litter box safe,0,1,0%,37
can i put baking soda in kitty litter,0,1,0%,37
charcoal litter box,0,1,0%,37
is baking soda ok to put in cat litter,0,1,0%,37
neutralize ammonia odor,0,1,0%,37
will baking soda hurt cats,0,1,0%,37
activated charcoal odor,0,1,0%,38
cat litter box odour eliminator,0,1,0%,38
pet store high level,0,1,0%,38
can you use regular baking soda in cat litter,0,1,0%,39
cat litter deodorizer with baking soda,0,1,0%,39
cat litter fumes,0,1,0%,39
baking soda for cat litter odor,0,1,0%,40
best way to keep house smelling fresh with cats,0,1,0%,40
cat deodorant,0,1,0%,40
cat litter powder,0,1,0%,40
high level pet store,0,1,0%,40
how to get rid of amonia smell,0,1,0%,40
how to make my cat smell good,0,1,0%,41
is bicarbonate of soda safe for cats,0,1,0%,41
kitty litter odor control,0,1,0%,42
best litter for small apartment,0,1,0%,43
cat odor removal toronto,0,1,0%,43
how to make cat room smell better,0,1,0%,43
litter box near me,0,1,0%,43
stinking cat,0,1,0%,43
cat litter for small spaces,0,1,0%,44
cat litter density,0,1,0%,45
cat litter for smell,0,1,0%,45
cat odour eliminator,0,1,0%,45
garbage service mirabel qc,0,1,0%,45
is baking soda a good odor eliminator,0,1,0%,45
odor control cat litter,0,1,0%,45
smelly cat litter,0,1,0%,45
ammonia for cat repellent,0,1,0%,46
ammonia in cat urine,0,1,0%,46
baking soda in cat litter box,0,1,0%,46
cat litter deodorizing effect,0,1,0%,46
doghaus dupont,0,1,0%,46
odour free litter box,0,1,0%,46
safe cat litter deodorizer,0,1,0%,46
tuft and paw canada,0,1,0%,46
ammonia from cat pee,0,1,0%,47
ammonia smell cat urine,0,1,0%,47
apartment odor removal,0,1,0%,47
cat litter smell in house,0,1,0%,47
do cats like ammonia,0,1,0%,47
homemade kitty litter deodorizer,0,1,0%,47
litterbox near me,0,1,0%,47
odour control cat litter,0,1,0%,47
pet store retailers,0,1,0%,47
best water additives for cats,0,1,0%,48
can you out baking soda in cat litter,0,1,0%,48
smell free litter box,0,1,0%,48
why does my cat pee smell like ammonia,0,1,0%,48
活性炭除味,0,1,0%,48
deodorizer for cats,0,1,0%,49
how to keep cat litter from stinking,0,1,0%,49
pet odor removal edmonton,0,1,0%,49
cat box odor control,0,1,0%,50
cat litter toronto,0,1,0%,50
kitty litter moisture absorber,0,1,0%,50
odor of baking soda,0,1,0%,50
odor removal calgary calgary,0,1,0%,50
why does cats urine smell like ammonia,0,1,0%,50
how to prevent cat smell in house,0,1,0%,51
what is a cat litter,0,1,0%,51
how to clean a smelly cat,0,1,0%,52
where to put kitty litter in small apartment,0,1,0%,52
best litter for odor control multiple cats,0,1,0%,53
cat litter charcoal,0,1,0%,53
how to make my cat smell better without a bath,0,1,0%,53
how to reduce cat smell in house,0,1,0%,53
how to remove cat odor,0,1,0%,53
best cat litter for multiple cats and odor control,0,1,0%,54
cat litter with charcoal,0,1,0%,54
how to get rid of kitten smell,0,1,0%,54
animalerie cartierville pet store,0,1,0%,55
deodorizer cat,0,1,0%,55
ammonia odor eliminator,0,1,0%,56
how to make a cat smell better,0,1,0%,56
is pet pourri safe for cats,0,1,0%,56
best odor eliminator for pets,0,1,0%,57
cat odour,0,1,0%,57
charcoal freshener,0,1,0%,57
pet store supplies wholesale,0,1,0%,57
type of cat litter,0,1,0%,57
litter types,0,1,0%,58
symptoms of ammonia poisoning from cat urine,0,1,0%,58
is fresh wave safe for cats,0,1,0%,59
cat litter odour,0,1,0%,60
fubon natural cat litter,0,1,0%,60
odour cat litter,0,1,0%,60
stinky litter box,0,1,0%,60
what is kitty litter,0,1,0%,60
cat smell spray,0,1,0%,61
cat urine that smells like ammonia,0,1,0%,61
how to remove cat odor from home,0,1,0%,61
litter box filter,0,1,0%,62
maizy cat litter,0,1,0%,62
what is in cat litter,0,1,0%,62
ammonia neutralizer for cat urine,0,1,0%,63
how to eliminate cat odor from house,0,1,0%,63
how to eliminate cat odor in house,0,1,0%,63
my discharge smells like cat litter,0,1,0%,63
odor removal montreal,0,1,0%,64
best way to keep cat litter from smelling,0,1,0%,65
does ammonia keep cats away,0,1,0%,65
best way to keep kitty litter from smelling,0,1,0%,68
cat litter as moisture absorber,0,1,0%,68
cat smell,0,1,0%,68
how to neutralize the smell of ammonia,0,1,0%,68
odor remediation calgary,0,1,0%,68
what is in litter attractant,0,1,0%,68
can ammonia kill cats,0,1,0%,69
charcoal and baking soda,0,1,0%,69
litter subscription,0,1,0%,70
best odor absorber for cat litter,0,1,0%,71
cat water nearby,0,1,0%,71
how to avoid cat litter smell,0,1,0%,71
how to reduce the smell of cat litter,0,1,0%,71
odourlock cat litter near me,0,1,0%,71
principle of plasma air purifier for cat litter,0,1,0%,71
where to get cat litter near me,0,1,0%,71
will ammonia get rid of cat urine smell,0,1,0%,71
cat litter box odor,0,1,0%,72
sprinkle-on litter health additive,0,1,0%,72
activated carbon for odor absorption,0,1,0%,73
how to get rid of ammonia smell in the air,0,1,0%,73
how to prevent cat litter smell,0,1,0%,73
do self cleaning litter boxes smell,0,1,0%,74
how to clean ammonia smell,0,1,0%,74
how to eliminate cat odor,0,1,0%,74
best odor blocking cat litter,0,1,0%,75
pet wholesalers,0,1,0%,75
remove cat odor from house,0,1,0%,75
litter science,0,1,0%,76
pet pourri,0,1,0%,77
product for cat,0,1,0%,77
ammonia keep cats away,0,1,0%,78
how to get rid of cat litter odour,0,1,0%,78
best cat litter for smell,0,1,0%,79
how to get rid of cat odor,0,1,0%,79
how to make the cat litter not smell,0,1,0%,79
pet odor removal etobicoke,0,1,0%,80
best kitty litter for apartments,0,1,0%,82
how to get cat smell out of house naturally,0,1,0%,82
how to reduce cat litter odor,0,1,0%,82
how to get rid of cat smell outside,0,1,0%,83
sodium bicarbonate for cats,0,1,0%,83
my cat smells like ammonia,0,1,0%,84
cat litter store,0,1,0%,85
cat urine smells like ammonia,0,1,0%,85
healthy odor-fighting cat litter additive,0,1,0%,85
how often should i use pet odor eliminators to keep my home fresh?,0,1,0%,85
animalerie gigi,0,1,0%,86
best kitty litter for smell,0,1,0%,87
cat cleaners,0,1,0%,87
pet suppliers wholesale,0,1,0%,87
wholesale pet,0,1,0%,87
cats urine smells like ammonia,0,1,0%,88
pet supply wholesale,0,1,0%,89
wholesale pet products,0,1,0%,89
cat urine doesn't smell like ammonia,0,1,0%,90
health check cat litter additive,0,1,0%,90
ammonia for cat urine,0,1,0%,91
pet supplier wholesale,0,1,0%,91
wholesale pet suppliers,0,1,0%,91
cat litter near me open now,0,1,0%,92
pet odour removal edmonton,0,1,0%,92
where can i buy cat litter near me,0,1,0%,92
pet supplies canada wholesale,0,1,0%,93
best cat litter small apartment,0,1,0%,94
best litter for senior cats,0,1,0%,94
best way to eliminate litter box odors,0,1,0%,94
does charcoal remove ammonia,0,1,0%,94
pet supply wholesale canada,0,1,0%,94
what to put in cat litter box for smell,0,1,0%,94
wholesale pet supplies canada,0,1,0%,94
cat pee smells of ammonia,0,1,0%,95
cat urine strong ammonia odor,0,1,0%,95
cat and family,0,1,0%,96
cat litter solution,0,1,0%,96
how to stop kitty litter from smelling,0,1,0%,96
pet solution,0,1,0%,96
zeolite odor control,0,1,0%,96
pet shop supplies wholesale,0,1,0%,97
cat pet stores,0,1,0%,98
pet supplies wholesale canada,0,1,0%,98
does activated charcoal remove ammonia,0,1,0%,99
pet store cat litter,0,1,0%,99
where to buy cat litter near me,0,1,0%,99
cat's breath smells like ammonia,0,1,0%,100
how to avoid litter box smell,0,1,0%,100
odour removal calgary,0,1,0%,100